{"cameraMode":{"drawMode":0,"name":"Shaded","section":"Shading Mode"},"sceneLighting":true,"audioPlay":false,"sceneViewState":{"showFog":true,"showMaterialUpdate":false,"showSkybox":true,"showFlares":true,"showImageEffects":true,"showParticleSystems":true},"in2DMode":false,"pivot":{"x":11.751859664916993,"y":5.289588928222656,"z":-0.9047431945800781},"rotation":{"x":-0.33681759238243105,"y":-0.03756511211395264,"z":0.013428427278995514,"w":-0.9407531023025513},"size":71.60181427001953,"orthographic":false}