{"cameraMode":{"drawMode":0,"name":"Shaded","section":"Shading Mode"},"sceneLighting":true,"audioPlay":false,"sceneViewState":{"showFog":true,"showMaterialUpdate":false,"showSkybox":true,"showFlares":true,"showImageEffects":true,"showParticleSystems":true},"in2DMode":false,"pivot":{"x":47.2830810546875,"y":13.765281677246094,"z":12.268470764160157},"rotation":{"x":-0.35229966044425967,"y":0.03704449161887169,"z":-0.013964507728815079,"w":-0.9350895881652832},"size":120.91508483886719,"orthographic":false}