{"cameraMode":{"drawMode":0,"name":"Shaded","section":"Shading Mode"},"sceneLighting":false,"audioPlay":false,"sceneViewState":{"showFog":true,"showMaterialUpdate":false,"showSkybox":false,"showFlares":true,"showImageEffects":true,"showParticleSystems":true},"in2DMode":false,"pivot":{"x":0.0,"y":-0.2214488983154297,"z":8.428998947143555},"rotation":{"x":-0.33681759238243105,"y":-0.03756511211395264,"z":0.013428427278995514,"w":-0.9407531023025513},"size":97.96075439453125,"orthographic":false}