{"cameraMode":{"drawMode":0,"name":"Shaded","section":"Shading Mode"},"sceneLighting":true,"audioPlay":false,"sceneViewState":{"showFog":true,"showMaterialUpdate":false,"showSkybox":true,"showFlares":true,"showImageEffects":true,"showParticleSystems":true},"in2DMode":false,"pivot":{"x":40.98341369628906,"y":-9.061859130859375,"z":50.29058074951172},"rotation":{"x":-0.3145400583744049,"y":0.23092487454414369,"z":-0.079169861972332,"w":-0.9173704981803894},"size":176.19189453125,"orthographic":false}