{"cameraMode":{"drawMode":0,"name":"Shaded","section":"Shading Mode"},"sceneLighting":true,"audioPlay":false,"sceneViewState":{"showFog":true,"showMaterialUpdate":false,"showSkybox":true,"showFlares":true,"showImageEffects":true,"showParticleSystems":true},"in2DMode":false,"pivot":{"x":39.06034851074219,"y":4.279571533203125,"z":22.94437026977539},"rotation":{"x":-0.3449699878692627,"y":0.05401378497481346,"z":-0.019911615177989007,"w":-0.9368728995323181},"size":112.63801574707031,"orthographic":false}